<context name="{v_context}">
	<extension name="send_to_voicemail" number="*99[ext]" continue="false" app_uuid="001d5dab-e0c6-4352-8f06-e9986ee7b0d8">
		<condition field="destination_number" expression="^\*99(\d{2,10})$">
			<action application="answer"/>
			<action application="sleep" data="1000"/>
			<action application="set" data="voicemail_action=save"/>
			<action application="set" data="voicemail_id=$1"/>
			<action application="set" data="voicemail_profile=default"/>
			<action application="set" data="send_to_voicemail=true" />
			<action application="lua" data="app.lua voicemail"/>
			<!--<action application="voicemail" data="default ${domain_name} ${dialed_extension}"/>-->
		</condition>
	</extension>
</context>