<!-- Only Truly consider it secure if its TLS and SRTP -->
<context name="{v_context}">
	<extension name="is_secure" number="is_secure" continue="true" app_uuid="b57306e0-36df-4048-b182-7ad0f69d8c03">
		<condition field="${sip_via_protocol}" expression="tls"/>
		<condition field="${sip_secure_media_confirmed}" expression="^true$">
			<action application="sleep" data="1000"/>
			<action application="playback" data="misc/call_secured.wav"/>
			<anti-action application="eval" data="not_secure"/>
		</condition>
	</extension>
</context>