<context name="{v_context}">
	<extension name="freeswitch_conference" number="*9888" continue="false" app_uuid="8e3ad78e-4b48-4d36-af7e-4920a9757043" enabled="false">
		<condition field="destination_number" expression="^\*9(888|8888|1616|3232)$">
			<action application="export" data="hold_music=silence"/>
			<!--
				 This will take the SAS from the b-leg and send it to the display on the a-leg phone.
				 Known working with Polycom and Snom maybe others.
			-->
			<!--
			<action application="set" data="exec_after_bridge_app=${sched_api(+4 zrtp expand uuid_display ${uuid} \${uuid_getvar(\${uuid_getvar(${uuid} signal_bond)} zrtp_sas1_string )}  \${uuid_getvar(\${uuid_getvar(${uuid} signal_bond)} zrtp_sas2_string )} )}"/>
			<action application="export" data="nolocal:zrtp_secure_media=true"/>
			-->
			<action application="bridge" data="sofia/${use_profile}/$1@conference.freeswitch.org"/>
		</condition>
	</extension>
</context>