
<context name="{v_context}">
	<extension name="bind_digit_action" number="" continue="true" app_uuid="7e007a4d-886b-4cdf-81f4-da9eb4689f1c" enabled="false">
		<condition field="${sip_authorized}" expression="true" break="never">
			<action application="set" data="bind_target=both" inline="true"/>
			<!-- set to peer to prevent manipulate of call by caller -->
			<anti-action application="set" data="bind_target=peer" inline="true"/>
		</condition>
		<condition>
			<!-- <action application="export" data="conf_xfer_number=xfer-${create_uuid foo}-${domain_name}"/>-->
			<action application="bind_digit_action" data="local,*1,exec:execute_extension,dx XML ${context},${bind_target}"/>
			<action application="bind_digit_action" data="local,*2,exec:record_session,$${recordings_dir}/${domain_name}/archive/${strftime(%Y)}/${strftime(%b)}/${strftime(%d)}/${uuid}.${record_ext},${bind_target}"/>
			<action application="bind_digit_action" data="local,*3,exec:execute_extension,cf XML ${context},${bind_target}"/>
			<action application="bind_digit_action" data="local,*4,exec:execute_extension,att_xfer XML ${context},${bind_target}"/>
			<!-- <action application="bind_digit_action" data="local,*0,exec:execute_extension,conf_xfer_from_dialplan XML conf-xfer@${domain_name},${bind_target}"/> -->
			<action application="digit_action_set_realm" data="local"/>
		</condition>
	</extension>
</context>
